0|401k
0|401k matching
0|health insurance
0|paid time off
0|parental leave
1|dental insurance
1|disability insurance
1|health insurance
1|health savings account
1|life insurance
1|paid time off
1|parental leave
1|retirement plan
1|vision insurance
4|401k
4|dental insurance
4|health insurance
4|opportunities for advancement
4|paid time off
4|parental leave
4|vision insurance
5|401k
5|401k matching
5|dental insurance
5|health insurance
5|health savings account
5|life insurance
5|paid time off
5|professional development assistance
5|vision insurance
6|dental insurance
6|health insurance
6|paid time off
6|retirement plan
6|vision insurance
7|401k
7|401k matching
7|dental insurance
7|employee discount
7|free flu shots
7|free parking
7|health insurance
7|paid time off
7|vision insurance
8|401k
8|401k matching
8|add insurance
8|adoption assistance
8|dental insurance
8|disability insurance
8|employee stock purchase plan
8|flexible spending account
8|health insurance
8|life insurance
8|paid parental leave
8|paid sick time
8|paid time off
8|parental leave
8|pet insurance
8|vision insurance
9|401k
9|401k matching
9|continuing education credits
9|dental insurance
9|health insurance
9|health savings account
9|life insurance
9|paid time off
9|professional development assistance
9|relocation assistance
9|vision insurance
10|401k
10|dental insurance
10|health insurance
10|loan forgiveness
10|paid time off
10|parental leave
10|professional development assistance
10|retirement plan
10|vision insurance
12|dental insurance
12|flexible schedule
12|health insurance
12|paid sick time
12|vision insurance
13|dental insurance
13|health insurance
13|internet reimbursement
13|life insurance
13|vision insurance
14|stock options
14|unlimited paid time off
15|401k
15|401k matching
15|add insurance
15|adoption assistance
15|dental insurance
15|disability insurance
15|employee stock purchase plan
15|flexible spending account
15|health insurance
15|life insurance
15|paid parental leave
15|paid sick time
15|paid time off
15|parental leave
15|pet insurance
15|vision insurance
16|401k
16|401k matching
16|dental insurance
16|flexible spending account
16|health insurance
16|life insurance
16|paid time off
16|vision insurance
17|401k
17|dental insurance
17|health insurance
17|loan forgiveness
17|paid time off
17|parental leave
17|professional development assistance
17|retirement plan
17|vision insurance
19|stock options
19|unlimited paid time off
20|dental insurance
20|flexible schedule
20|health insurance
20|paid sick time
20|vision insurance
21|dental insurance
21|health insurance
21|internet reimbursement
21|life insurance
21|vision insurance
22|401k
22|dental insurance
22|gym membership
22|health insurance
22|paid time off
22|unlimited paid time off
22|vision insurance
23|health insurance
23|tuition reimbursement
25|401k
25|401k 4 match
25|401k matching
25|flexible schedule
25|health insurance
25|paid time off
25|profit sharing
25|work from home
26|health insurance
26|life insurance
28|401k
28|health insurance
28|paid holidays
28|paid sick time
28|paid time off
28|prescription drug insurance
28|professional development assistance
28|relocation assistance
28|stock options
28|tuition reimbursement
29|401k
29|dental insurance
29|employee assistance program
29|health insurance
29|paid parental leave
29|parental leave
29|vision insurance
32|401k
32|401k matching
32|dental insurance
32|happy hour
32|health insurance
32|paid time off
32|parental leave
32|vision insurance
34|401k
34|401k 6 match
34|401k matching
34|dental insurance
34|family leave
34|health insurance
34|paid parental leave
34|vision insurance
35|401k
35|dental insurance
35|employee stock ownership plan
35|flexible schedule
35|health insurance
35|life insurance
35|paid time off
35|vision insurance
36|dental insurance
36|flexible spending account
36|health insurance
36|life insurance
36|paid time off
36|parental leave
36|tuition reimbursement
36|vision insurance
37|401k
37|401k matching
37|add insurance
37|disability insurance
37|employee assistance program
37|flexible spending account
37|health insurance
37|health savings account
37|paid parental leave
37|paid sick time
37|paid time off
37|parental leave
37|rsu
37|vision insurance
38|401k
38|401k matching
38|dental insurance
38|health insurance
38|paid time off
38|parental leave
38|referral program
38|stock options
38|vision insurance
38|work from home
38|work from home stipend
39|401k
39|401k matching
39|continuing education credits
39|dental insurance
39|employee stock purchase plan
39|flexible spending account
39|health insurance
39|health savings account
39|paid time off
39|unlimited paid time off
39|vision insurance
40|401k
40|401k matching
40|adoption assistance
40|cell phone reimbursement
40|dental insurance
40|employee assistance program
40|employee discount
40|flexible schedule
40|health savings account
40|life insurance
40|military leave
40|paid jury duty
40|paid sick time
40|parental leave
40|vision insurance
42|401k
42|health insurance
42|paid holidays
42|paid sick time
42|paid time off
42|prescription drug insurance
42|professional development assistance
42|relocation assistance
42|stock options
42|tuition reimbursement
43|401k
43|dental insurance
43|disability insurance
43|health insurance
43|life insurance
43|paid time off
44|401k
44|401k matching
44|opportunities for advancement
44|paid time off
45|health insurance
45|paid time off
46|401k
46|401k matching
46|add insurance
46|dental insurance
46|disability insurance
46|health insurance
46|life insurance
46|paid holidays
46|paid sick time
46|paid time off
46|parental leave
46|professional development assistance
46|tuition reimbursement
46|vision insurance
49|health insurance
49|wellness program
50|dental insurance
50|disability insurance
50|employee assistance program
50|health insurance
50|life insurance
50|store discount
50|vision insurance
51|401k
51|401k matching
51|dental insurance
51|employee discount
51|health insurance
51|paid time off
51|tuition reimbursement
51|vision insurance
52|401k
52|401k matching
52|dental insurance
52|disability insurance
52|employee discount
52|health insurance
52|life insurance
52|paid time off
52|vision insurance
52|wellness program
52|work from home
54|401k
54|commuter assistance
54|dental insurance
54|flexible spending account
54|happy hour
54|health insurance
54|life insurance
54|paid sick time
54|paid time off
54|parental leave
54|vision insurance
56|401k
56|employee discount
56|health insurance
56|paid time off
56|unlimited paid time off
57|401k
57|401k matching
57|add insurance
57|dental insurance
57|flexible schedule
57|health insurance
57|life insurance
57|opportunities for advancement
57|paid time off
57|vision insurance
58|401k
58|health insurance
58|paid holidays
58|paid sick time
58|paid time off
58|prescription drug insurance
58|professional development assistance
58|relocation assistance
58|stock options
58|tuition reimbursement
59|401k
59|commuter assistance
59|dental insurance
59|health insurance
59|paid parental leave
59|paid time off
59|parental leave
59|vision insurance
60|flexible schedule
61|401k
61|401k matching
61|dental insurance
61|disability insurance
61|health insurance
61|opportunities for advancement
61|paid parental leave
61|paid time off
61|parental leave
61|store discount
61|vision insurance
62|403b
62|403b matching
62|dental insurance
62|health insurance
62|paid time off
62|vision insurance
68|401k
68|dental insurance
68|health insurance
68|paid time off
68|vision insurance
70|health insurance
70|rsu
71|401k
71|dental insurance
71|flexible schedule
71|flexible spending account
71|health insurance
71|health savings account
71|paid time off
71|parental leave
71|professional development assistance
71|retirement plan
71|vision insurance
72|401k
72|health insurance
72|paid holidays
72|paid sick time
72|paid time off
72|prescription drug insurance
72|professional development assistance
72|relocation assistance
72|stock options
72|tuition reimbursement
73|health insurance
73|work from home
74|401k
74|401k matching
75|403b
77|401k
77|commuter assistance
77|continuing education credits
77|dental insurance
77|gym membership
77|health insurance
77|paid parental leave
77|paid time off
77|parental leave
77|unlimited paid time off
77|vision insurance
79|401k
79|401k matching
79|dental insurance
79|employee assistance program
79|health insurance
79|life insurance
79|paid time off
79|paid training
79|vision insurance
81|flexible schedule
83|health insurance
85|401k
85|401k 6 match
85|401k matching
85|457b
85|dental insurance
85|employee assistance program
85|flexible spending account
85|health insurance
85|life insurance
85|paid time off
85|tuition reimbursement
85|vision insurance
86|dental insurance
86|employee stock ownership plan
86|health insurance
86|vision insurance
87|401k
87|401k matching
87|adoption assistance
87|dental insurance
87|gym membership
87|health insurance
87|life insurance
87|parental leave
87|pet insurance
87|vision insurance
88|401k
88|health insurance
88|paid holidays
88|paid sick time
88|paid time off
88|prescription drug insurance
88|professional development assistance
88|relocation assistance
88|stock options
88|tuition reimbursement
90|dental insurance
90|disability insurance
90|health insurance
90|paid time off
90|tuition reimbursement
91|continuing education credits
91|tuition reimbursement
96|401k
96|dental insurance
96|health insurance
96|vision insurance
98|401k
99|401k
99|401k matching
99|dental insurance
99|employee stock purchase plan
99|health insurance
99|paid parental leave
99|paid time off
99|parental leave
99|pet insurance
99|tuition reimbursement
99|vision insurance
100|401k
100|dental insurance
100|health insurance
100|life insurance
100|paid time off
100|retirement plan
100|vision insurance
101|401k
101|dental insurance
101|health insurance
101|life insurance
101|paid time off
101|vision insurance
102|stock options
102|unlimited paid time off
103|401k
103|health insurance
103|paid holidays
103|paid sick time
103|paid time off
103|prescription drug insurance
103|professional development assistance
103|relocation assistance
103|stock options
103|tuition reimbursement
104|retirement plan
104|tuition reimbursement
104|work from home
109|dental insurance
109|disability insurance
109|health insurance
109|paid time off
109|tuition reimbursement
111|flexible schedule
112|401k
112|401k matching
112|cell phone reimbursement
112|childcare
112|dental insurance
112|gym membership
112|health insurance
112|paid parental leave
112|paid time off
112|parental leave
112|vision insurance
114|work from home
116|401k
116|401k matching
116|dental insurance
116|flexible spending account
116|health insurance
116|health savings account
116|life insurance
116|paid time off
116|parental leave
116|professional development assistance
116|retirement plan
116|tuition reimbursement
116|vision insurance
117|401k
117|401k 6 match
117|401k matching
117|457b
117|dental insurance
117|employee assistance program
117|flexible spending account
117|health insurance
117|life insurance
117|paid time off
117|tuition reimbursement
117|vision insurance
118|401k
118|health insurance
118|paid holidays
118|paid sick time
118|paid time off
118|prescription drug insurance
118|professional development assistance
118|relocation assistance
118|stock options
118|tuition reimbursement
119|relocation assistance
121|401k
121|401k matching
121|add insurance
121|disability insurance
121|employee assistance program
121|flexible spending account
121|health insurance
121|health savings account
121|paid parental leave
121|paid sick time
121|paid time off
121|parental leave
121|rsu
121|vision insurance
123|401k
123|401k matching
123|adoption assistance
123|dental insurance
123|gym membership
123|health insurance
123|life insurance
123|parental leave
123|pet insurance
123|vision insurance
124|401k
124|dental insurance
124|health insurance
124|paid time off
124|vision insurance
125|health insurance
125|life insurance
127|health insurance
128|401k
128|401k matching
128|disability insurance
128|flexible schedule
128|flexible spending account
128|health insurance
128|paid parental leave
128|paid time off
128|parental leave
128|tuition reimbursement
128|unlimited paid time off
129|403b
132|health insurance
133|401k
133|health insurance
133|paid holidays
133|paid sick time
133|paid time off
133|prescription drug insurance
133|professional development assistance
133|relocation assistance
133|stock options
133|tuition reimbursement
135|health insurance
135|work from home
137|401k
137|dental insurance
137|health insurance
137|paid parental leave
137|paid time off
137|parental leave
137|stock options
137|vision insurance
138|401k
138|401k matching
138|adoption assistance
138|dental insurance
138|gym membership
138|health insurance
138|life insurance
138|parental leave
138|pet insurance
138|vision insurance
139|401k
139|dental insurance
139|health insurance
139|paid time off
139|vision insurance
140|401k
140|401k matching
141|health insurance
141|paid time off
141|paid training
141|tuition reimbursement
142|health insurance
142|life insurance
147|401k
147|dental insurance
147|flexible schedule
147|flexible spending account
147|health insurance
147|health savings account
147|paid time off
147|parental leave
147|professional development assistance
147|retirement plan
147|vision insurance
148|401k
148|health insurance
148|paid holidays
148|paid sick time
148|paid time off
148|prescription drug insurance
148|professional development assistance
148|relocation assistance
148|stock options
148|tuition reimbursement
149|401k
149|401k matching
149|add insurance
149|dental insurance
149|disability insurance
149|flexible spending account
149|health insurance
149|health savings account
149|paid sick time
149|parental leave
149|relocation assistance
149|tuition reimbursement
149|vision insurance
153|relocation assistance
154|health insurance
155|401k
155|401k matching
155|add insurance
155|cell phone reimbursement
155|dental insurance
155|dependent health insurance coverage
155|flexible schedule
155|flexible spending account
155|health insurance
155|health savings account
155|internet reimbursement
155|life insurance
155|paid holidays
155|paid time off
155|pet insurance
155|tuition reimbursement
155|vision insurance
155|work from home
156|401k
156|dental insurance
156|health insurance
156|vision insurance
161|dental insurance
162|dental insurance
162|employee stock ownership plan
162|health insurance
162|vision insurance
163|401k
163|health insurance
163|paid holidays
163|paid sick time
163|paid time off
163|prescription drug insurance
163|professional development assistance
163|relocation assistance
163|stock options
163|tuition reimbursement
164|continuing education credits
164|opportunities for advancement
166|401k
166|dental insurance
166|employee assistance program
166|employee discount
166|health insurance
166|health savings account
166|life insurance
166|paid time off
166|professional development assistance
166|retirement plan
166|vision insurance
170|401k
170|cell phone reimbursement
170|dental insurance
170|health insurance
170|internet reimbursement
170|life insurance
170|vision insurance
170|work from home
170|work from home stipend
171|health insurance
171|work from home
174|401k
174|401k matching
174|dental insurance
174|flexible schedule
174|health insurance
174|life insurance
174|paid time off
174|vision insurance
174|work from home
174|work from home stipend
177|401k
177|health insurance
177|paid holidays
177|paid sick time
177|paid time off
177|prescription drug insurance
177|professional development assistance
177|relocation assistance
177|stock options
177|tuition reimbursement
178|401k
178|401k matching
178|dental insurance
178|disability insurance
178|health insurance
178|life insurance
178|opportunities for advancement
178|paid time off
178|vision insurance
179|401k
179|dental insurance
179|employee assistance program
179|health insurance
179|paid parental leave
179|paid time off
179|parental leave
179|vision insurance
181|401k
181|dental insurance
181|health insurance
181|paid time off
181|vision insurance
182|401k
182|401k matching
182|disability insurance
182|family leave
182|gym membership
182|health insurance
182|health savings account
182|work from home
189|health insurance
189|paid time off
192|dental insurance
193|401k
193|health insurance
193|paid holidays
193|paid sick time
193|paid time off
193|prescription drug insurance
193|professional development assistance
193|relocation assistance
193|stock options
193|tuition reimbursement
194|401k
194|401k 5 match
194|401k matching
194|dental insurance
194|disability insurance
194|flexible spending account
194|health insurance
194|health savings account
194|life insurance
194|paid sick time
194|paid time off
194|tuition reimbursement
194|vision insurance
195|401k
195|dental insurance
195|employee stock purchase plan
195|health insurance
195|paid sick time
195|paid time off
195|vision insurance
196|dental insurance
196|employee stock purchase plan
196|health insurance
196|rsu
196|retirement plan
199|401k
199|401k matching
199|dental insurance
199|disability insurance
199|health insurance
199|life insurance
199|vision insurance
201|401k
201|401k 3 match
201|401k matching
201|add insurance
201|commuter assistance
201|dental insurance
201|dependent health insurance coverage
201|disability insurance
201|employee assistance program
201|flexible spending account
201|health insurance
201|health savings account
201|life insurance
201|paid time off
201|partner benefits
201|travel reimbursement
201|tuition reimbursement
201|vision insurance
201|work from home
203|401k
203|401k matching
203|dental insurance
203|health insurance
203|life insurance
203|paid sick time
203|paid time off
203|professional development assistance
203|vision insurance
205|health insurance
206|health insurance
208|401k
208|health insurance
208|paid holidays
208|paid sick time
208|paid time off
208|prescription drug insurance
208|professional development assistance
208|relocation assistance
208|stock options
208|tuition reimbursement
211|flexible schedule
213|dental insurance
213|health insurance
213|paid time off
213|parental leave
213|professional development assistance
213|vision insurance
214|401k
214|401k matching
214|dental insurance
214|health insurance
214|life insurance
214|paid time off
214|referral program
214|vision insurance
221|401k
221|dental insurance
221|health insurance
221|paid time off
221|vision insurance
222|401k
222|401k matching
222|dental insurance
222|employee discount
222|health insurance
222|health savings account
222|onsite gym
222|vision insurance
223|401k
223|health insurance
223|paid holidays
223|paid sick time
223|paid time off
223|prescription drug insurance
223|professional development assistance
223|relocation assistance
223|stock options
223|tuition reimbursement
225|401k
225|dental insurance
225|flexible spending account
225|health insurance
225|life insurance
225|onthejob training
225|paid time off
225|vision insurance
228|dental insurance
228|health insurance
228|paid time off
228|vision insurance
229|401k
229|401k matching
229|dental insurance
229|health insurance
229|referral program
229|vision insurance
230|401k
230|401k matching
230|cell phone reimbursement
230|childcare
230|dental insurance
230|gym membership
230|health insurance
230|paid parental leave
230|paid time off
230|parental leave
230|vision insurance
231|401k
231|dental insurance
231|disability insurance
231|employee stock purchase plan
231|health insurance
231|paid time off
231|vision insurance
234|disability insurance
234|health insurance
234|paid time off
234|retirement plan
238|health insurance
238|relocation assistance
239|401k
239|health insurance
239|paid holidays
239|paid sick time
239|paid time off
239|prescription drug insurance
239|professional development assistance
239|relocation assistance
239|stock options
239|tuition reimbursement
240|onthejob training
243|401k
243|dental insurance
243|disability insurance
243|health insurance
243|life insurance
243|paid time off
243|referral program
243|vision insurance
245|work from home
246|paid time off
247|401k
247|401k matching
247|flexible spending account
247|health insurance
247|health savings account
247|life insurance
247|paid time off
247|parental leave
247|professional development assistance
247|referral program
247|retirement plan
248|health insurance
249|401k
249|add insurance
249|dental insurance
249|disability insurance
249|flexible spending account
249|health insurance
249|paid parental leave
249|paid time off
249|parental leave
249|vision insurance
252|401k
252|dental insurance
252|disability insurance
252|health insurance
252|life insurance
252|paid time off
252|tuition reimbursement
252|vision insurance
253|401k
253|health insurance
253|paid holidays
253|paid sick time
253|paid time off
253|prescription drug insurance
253|professional development assistance
253|relocation assistance
253|stock options
253|tuition reimbursement
255|401k
255|401k matching
255|onthejob training
255|paid time off
256|401k
256|dental insurance
256|health insurance
256|life insurance
256|paid time off
256|vision insurance
257|dental insurance
257|health insurance
257|health savings account
257|paid time off
257|professional development assistance
257|vision insurance
258|401k
258|dental insurance
258|disability insurance
258|employee discount
258|health insurance
258|life insurance
258|onthejob training
258|opportunities for advancement
258|paid time off
258|profit sharing
259|dental insurance
259|health insurance
259|paid time off
259|vision insurance
260|401k
260|cell phone reimbursement
260|dental insurance
260|flexible spending account
260|health insurance
260|paid time off
260|vision insurance
264|401k
264|dental insurance
264|health insurance
265|401k
265|dental insurance
265|flexible schedule
265|health insurance
265|paid time off
265|parental leave
265|stock options
265|vision insurance
266|401k
266|401k matching
266|dental insurance
266|health insurance
266|opportunities for advancement
266|paid time off
266|vision insurance
267|401k
267|health insurance
267|paid holidays
267|paid sick time
267|paid time off
267|prescription drug insurance
267|professional development assistance
267|relocation assistance
267|stock options
267|tuition reimbursement
275|health insurance
275|visa sponsorship
277|health insurance
278|401k
278|401k matching
278|cell phone reimbursement
278|dental insurance
278|employee assistance program
278|flexible spending account
278|health insurance
278|health savings account
278|parental leave
278|pet insurance
278|stock options
278|unlimited paid time off
278|vision insurance
279|disability insurance
279|health insurance
279|paid time off
279|retirement plan
279|wellness program
280|403b matching
280|dental insurance
280|dependent health insurance coverage
280|disability insurance
280|family leave
280|flexible spending account
280|health insurance
280|life insurance
280|paid holidays
280|paid sick time
280|paid time off
280|parental leave
280|prescription drug insurance
280|vision insurance
280|work from home
281|401k
281|401k matching
281|dental insurance
281|health insurance
281|loan assistance
281|paid parental leave
281|paid sick time
281|paid time off
281|parental leave
281|tuition reimbursement
281|vision insurance
282|401k
282|health insurance
282|paid holidays
282|paid sick time
282|paid time off
282|prescription drug insurance
282|professional development assistance
282|relocation assistance
282|stock options
282|tuition reimbursement
283|health insurance
284|commuter assistance
284|health insurance
286|dental insurance
286|health insurance
286|vision insurance
287|401k
287|401k matching
287|dental insurance
287|health insurance
287|unlimited paid time off
287|vision insurance
289|401k
289|401k matching
289|dental insurance
289|disability insurance
289|employee discount
289|health insurance
289|life insurance
289|paid time off
289|vision insurance
289|wellness program
289|work from home
294|401k
294|dental insurance
294|flexible schedule
294|health insurance
294|life insurance
294|paid sick time
294|paid time off
294|profit sharing
294|vision insurance
295|401k
295|401k 4 match
295|401k matching
295|dental insurance
295|family leave
295|flexible spending account
295|health insurance
295|paid time off
295|vision insurance
295|work from home
297|401k
297|dental insurance
297|health insurance
297|paid holidays
297|paid time off
297|vision insurance
298|401k
298|health insurance
298|paid holidays
298|paid sick time
298|paid time off
298|prescription drug insurance
298|professional development assistance
298|relocation assistance
298|stock options
298|tuition reimbursement
299|401k
299|dental insurance
299|health insurance
299|vision insurance
300|401k
300|dental insurance
300|health insurance
300|paid time off
300|vision insurance
301|health insurance
302|401k
302|401k matching
302|health insurance
303|401k
303|flexible schedule
303|gym membership
303|health insurance
303|paid time off
306|dental insurance
306|green card sponsorship
306|health insurance
307|403b
307|403b matching
307|dental insurance
307|flexible spending account
307|health insurance
307|life insurance
307|vision insurance
311|401k
311|401k matching
311|dental insurance
311|disability insurance
311|flexible spending account
311|health insurance
311|life insurance
311|paid time off
311|vision insurance
312|401k
312|health insurance
312|paid holidays
312|paid sick time
312|paid time off
312|prescription drug insurance
312|professional development assistance
312|relocation assistance
312|stock options
312|tuition reimbursement
313|401k
313|401k matching
313|add insurance
313|dental insurance
313|disability insurance
313|health insurance
313|paid time off
313|parental leave
313|stock options
313|vision insurance
316|401k
316|401k matching
316|dental insurance
316|employee assistance program
316|employee discount
316|health insurance
316|life insurance
316|paid time off
316|relocation assistance
316|tuition reimbursement
316|vision insurance
317|health insurance
318|health insurance
318|paid sick time
318|paid time off
318|parental leave
318|rsu
318|retirement plan
320|health insurance
321|adoption assistance
321|dental insurance
321|disability insurance
321|free parking
321|health insurance
321|life insurance
321|paid time off
321|pet insurance
321|tuition reimbursement
321|vision insurance
322|401k
322|dental insurance
322|health insurance
322|paid parental leave
322|parental leave
322|unlimited paid time off
322|vision insurance
323|dental insurance
323|health insurance
323|vision insurance
328|401k
328|health insurance
328|paid holidays
328|paid sick time
328|paid time off
328|prescription drug insurance
328|professional development assistance
328|relocation assistance
328|stock options
328|tuition reimbursement
331|dental insurance
331|health insurance
331|paid time off
331|retirement plan
331|vision insurance
332|401k
332|dental insurance
332|green card sponsorship
332|health insurance
332|paid time off
332|visa sponsorship
332|vision insurance
334|401k
334|401k matching
334|dental insurance
334|employee assistance program
334|employee discount
334|health insurance
334|life insurance
334|paid time off
334|relocation assistance
334|tuition reimbursement
334|vision insurance
337|dental insurance
337|employee assistance program
337|employee discount
337|flexible spending account
337|health insurance
337|paid time off
337|parental leave
337|vision insurance
340|401k
340|health insurance
340|paid holidays
340|paid sick time
340|paid time off
340|prescription drug insurance
340|professional development assistance
340|relocation assistance
340|stock options
340|tuition reimbursement
341|health insurance
342|health insurance
342|health savings account
342|paid time off
342|professional development assistance
350|opportunities for advancement
350|travel reimbursement
352|401k
352|401k 6 match
352|401k matching
352|add insurance
352|dental insurance
352|employee assistance program
352|paid time off
352|vision insurance
352|wellness program
353|health insurance
353|paid parental leave
353|parental leave
354|401k
354|continuing education credits
354|dental insurance
354|health insurance
354|life insurance
354|paid time off
354|vision insurance
355|401k
355|401k matching
355|dental insurance
355|disability insurance
355|flexible spending account
355|health insurance
355|life insurance
355|paid parental leave
355|paid time off
355|parental leave
355|profit sharing
355|tuition reimbursement
355|vision insurance
356|health insurance
357|401k
357|health insurance
357|paid holidays
357|paid sick time
357|paid time off
357|prescription drug insurance
357|professional development assistance
357|relocation assistance
357|stock options
357|tuition reimbursement
358|health insurance
359|401k
359|401k 3 match
359|401k matching
359|dental insurance
359|disability insurance
359|employee discount
359|flexible spending account
359|health insurance
359|life insurance
359|paid time off
359|parental leave
359|store discount
359|vision insurance
359|wellness program
360|403b
360|403b matching
360|dental insurance
360|disability insurance
360|family leave
360|flexible schedule
360|flexible spending account
360|health insurance
360|health savings account
360|life insurance
360|paid time off
360|parental leave
360|professional development assistance
360|vision insurance
360|work from home
361|health insurance
361|paid parental leave
361|parental leave
362|401k
362|health insurance
362|life insurance
362|paid time off
362|parental leave
362|stock options
364|401k
364|401k 6 match
364|401k matching
364|add insurance
364|dental insurance
364|employee assistance program
364|paid time off
364|vision insurance
364|wellness program
371|health insurance
372|401k
372|health insurance
372|life insurance
373|work from home
374|401k
374|dental insurance
374|health insurance
374|paid time off
375|403b
375|dental insurance
375|disability insurance
375|employee assistance program
375|flexible spending account
375|gym membership
375|health insurance
375|health savings account
375|paid time off
375|parental leave
375|pet insurance
375|vision insurance
376|401k
376|dental insurance
376|gym membership
376|health insurance
376|paid time off
376|unlimited paid time off
376|vision insurance
377|401k
377|401k matching
377|dental insurance
377|disability insurance
377|health insurance
377|unlimited paid time off
377|vision insurance
377|wellness program
378|401k
378|401k matching
378|add insurance
378|disability insurance
378|employee assistance program
378|flexible spending account
378|health insurance
378|health savings account
378|paid parental leave
378|paid sick time
378|paid time off
378|parental leave
378|rsu
378|vision insurance
380|401k
380|401k matching
380|dental insurance
380|disability insurance
380|employee stock purchase plan
380|health insurance
380|life insurance
380|paid time off
380|vision insurance
381|dental insurance
381|green card sponsorship
381|professional development assistance
381|relocation assistance
382|dental insurance
382|disability insurance
382|employee assistance program
382|flexible spending account
382|health insurance
382|paid parental leave
382|paid time off
382|parental leave
382|prescription drug insurance
382|retirement plan
382|vision insurance
382|wellness program
384|employee assistance program
384|health insurance
384|retirement plan
386|health insurance
389|401k
389|dental insurance
389|health insurance
389|paid time off
390|401k
390|401k matching
390|dental insurance
390|flexible spending account
390|health insurance
390|paid time off
390|vision insurance
392|401k
392|dental insurance
392|green card sponsorship
392|health insurance
392|paid time off
392|visa sponsorship
392|vision insurance
395|dental insurance
395|health insurance
395|tuition reimbursement
395|vision insurance
396|retirement plan
397|401k
397|health insurance
397|life insurance
397|paid time off
397|parental leave
397|stock options
398|health insurance
398|retirement plan
398|tuition reimbursement
399|401k
399|401k 4 match
399|401k matching
399|dental insurance
399|disability insurance
399|flexible spending account
399|health insurance
399|health savings account
399|life insurance
399|paid holidays
399|paid time off
399|professional development assistance
399|vision insurance
399|work from home
400|employee assistance program
400|flexible spending account
400|health insurance
400|life insurance
400|tuition reimbursement
400|vision insurance
403|401k
403|dental insurance
403|health insurance
403|paid time off
404|401k
404|dental insurance
404|health insurance
404|vision insurance
406|401k
406|401k matching
406|disability insurance
406|employee assistance program
406|flexible spending account
406|health insurance
406|paid time off
406|parental leave
406|tuition reimbursement
406|vision insurance
407|dental insurance
407|employee assistance program
407|employee discount
407|flexible spending account
407|health insurance
407|paid time off
407|parental leave
407|professional development assistance
407|vision insurance
409|flexible schedule
409|health insurance
411|401k
411|disability insurance
411|employee stock purchase plan
411|health insurance
411|paid sick time
411|paid time off
411|parental leave
411|vision insurance
413|dental insurance
413|flexible spending account
413|health insurance
413|profit sharing
413|vision insurance
414|health insurance
414|paid time off
416|401k
416|dental insurance
416|health insurance
416|paid time off
417|401k
417|dental insurance
417|disability insurance
417|health insurance
417|health savings account
417|life insurance
417|opportunities for advancement
417|referral program
417|vision insurance
418|work from home
420|401k
420|health insurance
421|401k
421|dental insurance
421|employee assistance program
421|employee discount
421|employee stock purchase plan
421|health insurance
421|tuition reimbursement
421|vision insurance
421|work from home
423|401k
423|401k matching
423|dental insurance
423|health insurance
423|opportunities for advancement
423|paid time off
423|tuition reimbursement
423|vision insurance
424|401k
424|commuter assistance
424|dental insurance
424|disability insurance
424|flexible spending account
424|health insurance
424|life insurance
424|paid time off
424|vision insurance
426|401k
426|401k matching
426|dental insurance
426|health insurance
426|professional development assistance
426|vision insurance
427|401k
427|401k matching
427|dental insurance
427|disability insurance
427|employee assistance program
427|family leave
427|health insurance
427|health savings account
427|life insurance
427|paid time off
427|profit sharing
427|tuition reimbursement
428|401k
428|dental insurance
428|health insurance
428|paid time off
428|vision insurance
434|401k
434|dental insurance
434|health insurance
434|paid time off
435|opportunities for advancement
435|travel reimbursement
437|401k
437|dental insurance
437|flexible schedule
437|health insurance
437|paid time off
437|vision insurance
438|401k
438|401k matching
438|commuter assistance
438|continuing education credits
438|disability insurance
438|flexible spending account
438|free parking
438|happy hour
438|health insurance
438|life insurance
438|paid sick time
438|paid time off
438|parental leave
438|referral program
438|tuition reimbursement
438|vision insurance
440|health insurance
442|401k
442|401k matching
442|health insurance
442|parental leave
442|stock options
442|work from home
443|401k
443|health insurance
443|paid time off
444|401k
444|dental insurance
444|health insurance
444|paid holidays
444|paid time off
444|vision insurance
445|401k
445|401k matching
445|dental insurance
445|flexible schedule
445|health insurance
445|life insurance
445|paid time off
445|vision insurance
447|401k
447|dental insurance
447|health insurance
447|paid time off
449|401k
449|401k matching
449|dental insurance
449|flexible spending account
449|health insurance
449|health savings account
449|life insurance
449|paid time off
449|parental leave
449|professional development assistance
449|retirement plan
449|tuition reimbursement
449|visa sponsorship
449|vision insurance
450|401k
450|401k matching
450|add insurance
450|continuing education credits
450|dental insurance
450|dependent health insurance coverage
450|disability insurance
450|family leave
450|flexible spending account
450|health insurance
450|health savings account
450|life insurance
450|paid holidays
450|paid time off
450|parental leave
450|professional development assistance
450|profit sharing
450|rsu
450|tuition reimbursement
450|vision insurance
450|work from home
451|wellness program
453|401k
453|health insurance
453|life insurance
453|paid time off
453|vision insurance
455|401k
456|401k
456|dental insurance
456|health insurance
456|life insurance
456|paid time off
456|retirement plan
456|vision insurance
458|401k
458|flexible schedule
458|health insurance
458|profit sharing
461|green card sponsorship
461|visa sponsorship
462|401k
462|dental insurance
462|health insurance
462|paid time off
466|401k
466|401k matching
466|dental insurance
466|disability insurance
466|health insurance
466|life insurance
466|vision insurance
469|commuter assistance
469|dental insurance
469|health insurance
469|life insurance
469|paid time off
469|retirement plan
473|401k
473|401k matching
473|dental insurance
473|health insurance
473|life insurance
473|vision insurance
474|401k
474|401k matching
474|dental insurance
474|health insurance
474|life insurance
474|paid time off
474|smoking cessation program
474|tuition reimbursement
474|vision insurance
475|401k
475|401k matching
475|dental insurance
475|health insurance
475|paid time off
475|vision insurance
477|health insurance
477|retirement plan
478|401k
478|401k matching
478|cell phone reimbursement
478|dental insurance
478|health insurance
478|vision insurance
479|401k
479|dental insurance
479|health insurance
479|paid time off
480|401k
480|dental insurance
480|health insurance
480|life insurance
480|paid time off
480|tuition reimbursement
480|vision insurance
482|401k
482|health insurance
482|life insurance
483|dental insurance
483|health insurance
483|retirement plan
483|vision insurance
484|health insurance
484|paid time off
484|retirement plan
486|401k
486|dental insurance
486|disability insurance
486|health insurance
486|health savings account
486|paid parental leave
486|parental leave
486|stock options
486|unlimited paid time off
486|vision insurance
487|401k
487|dental insurance
487|employee assistance program
487|employee discount
487|flexible spending account
487|health insurance
487|health savings account
487|internet reimbursement
487|life insurance
487|paid jury duty
487|paid parental leave
487|paid time off
487|parental leave
487|unlimited paid time off
487|vision insurance
489|dental insurance
489|disability insurance
489|employee assistance program
489|health insurance
489|life insurance
489|paid time off
489|retirement plan
489|tuition reimbursement
489|vision insurance
489|wellness program
492|tuition reimbursement
493|401k
493|dental insurance
493|health insurance
493|paid time off
496|401k
496|401k matching
496|paid time off
496|parental leave
496|stock options
498|401k
498|401k matching
498|dental insurance
498|employee discount
498|employee stock purchase plan
498|health insurance
498|internet reimbursement
498|parental leave
498|rsu
498|unlimited paid time off
498|vision insurance
499|dental insurance
499|health insurance
499|unlimited paid time off
499|vision insurance
500|flexible schedule
500|opportunities for advancement
501|401k
501|dental insurance
501|health insurance
501|paid time off
501|vision insurance
502|401k
502|dental insurance
502|health insurance
502|life insurance
502|paid time off
502|profit sharing
502|vision insurance
503|401k
503|health insurance
503|paid time off
505|401k
505|401k matching
505|dental insurance
505|employee assistance program
505|employee discount
505|flexible schedule
505|flexible spending account
505|health insurance
505|health savings account
505|life insurance
505|paid time off
505|parental leave
505|professional development assistance
505|vision insurance
506|401k
506|401k matching
506|add insurance
506|dental insurance
506|disability insurance
506|health insurance
506|tuition reimbursement
507|401k
507|dental insurance
507|health insurance
507|paid time off
508|401k
508|401k matching
508|commuter assistance
508|dental insurance
508|flexible spending account
508|health insurance
508|vision insurance
509|401k
509|disability insurance
509|health insurance
509|health savings account
509|life insurance
509|paid time off
509|parental leave
509|vision insurance
510|401k
510|dental insurance
510|employee assistance program
510|employee discount
510|employee stock purchase plan
510|health insurance
510|referral program
510|tuition reimbursement
510|vision insurance
512|401k
512|401k matching
512|dental insurance
512|flexible spending account
512|health insurance
512|life insurance
512|paid time off
512|vision insurance
513|401k
513|401k matching
513|disability insurance
513|flexible spending account
513|health insurance
513|life insurance
513|paid time off
513|tuition reimbursement
513|vision insurance
516|401k
516|dental insurance
516|health insurance
516|paid time off
516|vision insurance
518|401k
518|401k matching
518|paid holidays
518|paid time off
518|parental leave
518|unlimited paid time off
519|401k
519|dental insurance
519|flexible spending account
519|health insurance
519|health savings account
519|life insurance
519|paid time off
520|401k
520|401k matching
520|dental insurance
520|employee assistance program
520|employee discount
520|flexible schedule
520|flexible spending account
520|health insurance
520|health savings account
520|life insurance
520|paid time off
520|referral program
520|tuition reimbursement
520|vision insurance
521|401k
521|dental insurance
521|flexible spending account
521|health insurance
521|life insurance
521|opportunities for advancement
521|paid time off
522|401k
522|401k matching
522|employee assistance program
522|employee discount
522|employee stock purchase plan
522|flexible spending account
522|health insurance
522|health savings account
522|life insurance
522|paid parental leave
522|paid time off
522|parental leave
522|pet insurance
522|vision insurance
523|401k
523|401k 5 match
523|401k matching
523|caregiver leave
523|dental insurance
523|family leave
523|health insurance
523|life insurance
523|paid holidays
523|paid sick time
523|paid time off
523|parental leave
523|retirement plan
523|vision insurance
523|work from home
524|401k
524|dental insurance
524|health insurance
524|paid time off
525|401k
525|401k matching
525|add insurance
525|dental insurance
525|disability insurance
525|flexible spending account
525|health insurance
525|health savings account
525|paid time off
525|vision insurance
527|401k
527|401k matching
527|add insurance
527|dental insurance
527|flexible spending account
527|health insurance
527|health savings account
527|paid time off
527|vision insurance
528|401k
528|401k matching
528|dental insurance
528|flexible spending account
528|health insurance
528|health savings account
528|life insurance
528|paid time off
528|tuition reimbursement
528|vision insurance
530|401k
530|401k matching
530|dental insurance
530|disability insurance
530|health insurance
530|paid time off
530|vision insurance
531|401k
531|dental insurance
531|health insurance
531|paid time off
532|401k
532|401k matching
532|dental insurance
532|flexible spending account
532|health insurance
532|health savings account
532|life insurance
532|paid time off
532|tuition reimbursement
532|vision insurance
534|401k
534|dental insurance
534|flexible spending account
534|health insurance
534|paid time off
534|prescription drug insurance
534|profit sharing
534|tuition reimbursement
534|vision insurance
536|work from home
537|401k
537|401k matching
537|dental insurance
537|employee discount
537|health insurance
537|life insurance
537|paid parental leave
537|paid time off
537|parental leave
537|unlimited paid time off
537|vision insurance
537|work from home
538|401k
538|401k matching
538|add insurance
538|caregiver leave
538|dental insurance
538|disability insurance
538|employee assistance program
538|employee discount
538|health insurance
538|life insurance
538|paid parental leave
538|paid time off
538|parental leave
538|vision insurance
538|work from home
539|401k
539|401k 5 match
539|401k matching
539|dental insurance
539|employee discount
539|gym membership
539|health insurance
539|paid time off
539|tuition reimbursement
539|vision insurance
540|401k
540|401k matching
540|add insurance
540|caregiver leave
540|dental insurance
540|disability insurance
540|employee assistance program
540|employee discount
540|health insurance
540|life insurance
540|paid parental leave
540|paid time off
540|parental leave
540|vision insurance
540|work from home
541|401k
541|health insurance
544|dental insurance
544|health insurance
544|life insurance
544|professional development assistance
544|relocation assistance
544|vision insurance
546|401k
546|dental insurance
546|employee assistance program
546|gym membership
546|health insurance
546|paid parental leave
546|parental leave
546|vision insurance
547|dental insurance
547|health insurance
547|paid time off
547|referral program
547|retirement plan
547|vision insurance
549|401k
549|dental insurance
549|health insurance
549|paid time off
550|401k
550|401k matching
550|dental insurance
550|disability insurance
550|flexible spending account
550|health insurance
550|life insurance
550|vision insurance
551|401k
551|401k matching
551|dental insurance
551|disability insurance
551|employee assistance program
551|flexible spending account
551|health insurance
551|health savings account
551|life insurance
551|paid sick time
551|paid time off
551|pet insurance
551|tuition reimbursement
551|vision insurance
553|health insurance
553|life insurance
554|flexible schedule
556|401k
556|401k matching
556|dental insurance
556|employee discount
556|health insurance
556|paid time off
556|tuition reimbursement
556|vision insurance
557|dental insurance
557|gym membership
557|health insurance
557|life insurance
557|paid time off
557|paid training
557|retirement plan
557|vision insurance
558|health insurance
558|paid time off
558|retirement plan
560|flexible spending account
560|health insurance
560|paid time off
560|retirement plan
560|tuition reimbursement
563|dental insurance
563|disability insurance
563|flexible spending account
563|health insurance
563|life insurance
563|paid time off
564|401k
564|dental insurance
564|disability insurance
564|employee assistance program
564|employee discount
564|flexible spending account
564|health insurance
564|life insurance
564|paid time off
564|prescription drug insurance
564|vision insurance
565|401k
565|401k matching
565|dental insurance
565|health insurance
565|health savings account
565|life insurance
565|paid parental leave
565|parental leave
565|pet insurance
565|stock options
565|vision insurance
565|work from home
566|401k
566|401k matching
566|dental insurance
566|health insurance
566|paid time off
566|pet insurance
566|stock options
566|vision insurance
567|401k
567|employee stock purchase plan
567|health insurance
568|401k
568|dental insurance
568|health insurance
568|paid time off
573|401k
573|dental insurance
573|health insurance
573|vision insurance
575|401k
575|adoption assistance
575|employee assistance program
575|employee discount
575|health insurance
575|health savings account
575|tuition reimbursement
578|401k
578|401k matching
578|dental insurance
578|disability insurance
578|employee assistance program
578|flexible spending account
578|health insurance
578|health savings account
578|loan assistance
578|paid time off
578|referral program
578|tuition reimbursement
578|vision insurance
578|wellness program
579|401k
579|401k matching
579|add insurance
579|dental insurance
579|dependent health insurance coverage
579|health insurance
579|health savings account
579|life insurance
579|paid holidays
579|paid time off
579|prescription drug insurance
579|tuition reimbursement
579|vision insurance
583|401k
583|dental insurance
583|health insurance
583|paid time off
585|commuter assistance
585|dental insurance
585|health insurance
585|life insurance
585|paid time off
585|retirement plan
588|401k
588|401k 5 match
588|401k matching
588|add insurance
588|dental insurance
588|flexible schedule
588|flexible spending account
588|flextime
588|health insurance
588|health savings account
588|paid holidays
588|paid time off
588|prescription drug insurance
588|professional development assistance
588|vision insurance
589|employee stock purchase plan
589|health insurance
593|401k
593|401k 5 match
593|401k matching
593|caregiver leave
593|dental insurance
593|family leave
593|health insurance
593|life insurance
593|paid holidays
593|paid sick time
593|paid time off
593|parental leave
593|retirement plan
593|vision insurance
593|work from home
594|401k
594|401k matching
594|dental insurance
594|disability insurance
594|health insurance
594|life insurance
594|parental leave
594|referral program
594|vision insurance
595|401k
595|401k matching
595|dental insurance
595|employee assistance program
595|employee discount
595|flexible schedule
595|flexible spending account
595|health insurance
595|health savings account
595|life insurance
595|paid time off
595|referral program
595|tuition reimbursement
595|vision insurance
596|dental insurance
596|health insurance
596|paid time off
596|referral program
596|retirement plan
596|vision insurance
597|401k
597|dental insurance
597|health insurance
597|paid time off
598|401k
599|health insurance
600|401k
600|dental insurance
600|health insurance
600|life insurance
600|paid time off
600|retirement plan
600|vision insurance
602|401k
602|dental insurance
602|health insurance
602|life insurance
602|paid time off
602|profit sharing
602|vision insurance
603|401k
603|401k 3 match
603|401k matching
603|dental insurance
603|health insurance
603|life insurance
603|paid time off
603|vision insurance
605|401k
605|401k matching
605|employee assistance program
605|employee discount
605|employee stock purchase plan
605|flexible spending account
605|health insurance
605|health savings account
605|life insurance
605|paid parental leave
605|paid time off
605|parental leave
605|pet insurance
605|vision insurance
606|401k
606|401k matching
606|dental insurance
606|disability insurance
606|health insurance
606|paid time off
606|parental leave
606|vision insurance
606|volunteer time off
607|health insurance
610|401k
610|dental insurance
610|health insurance
610|paid time off
610|vision insurance
610|wellness program
612|401k
612|dental insurance
612|health insurance
612|paid time off
613|401k
613|401k matching
613|dental insurance
613|disability insurance
613|flexible spending account
613|health insurance
613|health savings account
613|life insurance
613|paid time off
613|referral program
613|tuition reimbursement
613|vision insurance
614|401k
614|401k 6 match
614|401k matching
614|dental insurance
614|employee assistance program
614|health insurance
614|life insurance
614|vision insurance
614|volunteer time off
615|401k
615|401k matching
616|401k
616|dental insurance
616|disability insurance
616|employee assistance program
616|health insurance
616|life insurance
616|paid time off
616|pet insurance
616|profit sharing
616|vision insurance
619|401k
619|401k matching
619|add insurance
619|dental insurance
619|dependent health insurance coverage
619|health insurance
619|health savings account
619|life insurance
619|paid holidays
619|paid time off
619|prescription drug insurance
619|tuition reimbursement
619|vision insurance
620|retirement plan
620|tuition reimbursement
620|work from home
621|401k
621|adoption assistance
621|employee assistance program
621|employee discount
621|health insurance
621|health savings account
621|tuition reimbursement
622|dental insurance
622|vision insurance
624|401k
624|dental insurance
624|disability insurance
624|employee assistance program
624|flexible spending account
624|health insurance
624|health savings account
624|life insurance
624|paid time off
624|vision insurance
625|401k
625|dental insurance
625|health insurance
625|paid time off
626|dental insurance
626|health insurance
626|vision insurance
631|401k
631|401k matching
631|paid holidays
631|paid time off
631|parental leave
631|unlimited paid time off
633|401k
633|401k matching
633|dental insurance
633|flexible schedule
633|health insurance
633|life insurance
633|paid time off
633|vision insurance
634|401k
634|disability insurance
634|health insurance
634|health savings account
634|life insurance
634|paid time off
634|parental leave
634|vision insurance
636|dental insurance
636|health insurance
636|unlimited paid time off
636|vision insurance
639|401k
639|dental insurance
639|health insurance
639|internet reimbursement
639|paid time off
639|tuition reimbursement
641|gym membership
641|happy hour
641|paid time off
641|tuition reimbursement
642|401k
642|dental insurance
642|health insurance
642|paid time off
643|401k
643|401k matching
643|dental insurance
643|health insurance
643|health savings account
643|paid time off
643|vision insurance
644|401k
644|401k matching
644|add insurance
644|dental insurance
644|dependent health insurance coverage
644|disability insurance
644|flexible spending account
644|health insurance
644|life insurance
644|paid holidays
644|paid sick time
644|paid time off
644|prescription drug insurance
644|professional development assistance
644|retirement plan
644|tuition reimbursement
644|vision insurance
645|401k
645|401k matching
645|dental insurance
645|health insurance
645|paid time off
645|referral program
645|tuition reimbursement
645|vision insurance
647|dental insurance
647|health insurance
647|paid time off
647|vision insurance
650|401k
650|dental insurance
650|disability insurance
650|health insurance
650|health savings account
650|life insurance
650|opportunities for advancement
650|referral program
650|vision insurance
652|401k
652|401k matching
654|401k
654|health insurance
654|life insurance
655|401k
655|401k matching
655|disability insurance
655|flexible spending account
655|health insurance
655|life insurance
655|paid time off
655|tuition reimbursement
655|vision insurance
657|401k
657|dental insurance
657|health insurance
657|paid time off
661|401k
661|401k matching
661|dental insurance
661|employee assistance program
661|employee discount
661|flexible schedule
661|flexible spending account
661|health insurance
661|life insurance
661|paid time off
662|401k
662|dental insurance
662|health insurance
662|life insurance
662|paid time off
662|retirement plan
662|vision insurance
663|health insurance
664|health insurance
664|paid time off
664|retirement plan
666|401k
666|401k matching
666|dental insurance
666|disability insurance
666|employee discount
666|health insurance
666|onsite gym
666|paid training
666|vision insurance
669|work from home
670|401k
670|dental insurance
670|disability insurance
670|health insurance
670|life insurance
670|paid time off
670|vision insurance
671|401k
671|dental insurance
671|health insurance
671|paid time off
672|401k
672|dental insurance
672|employee assistance program
672|health insurance
672|life insurance
672|paid time off
672|pet insurance
672|vision insurance
674|401k
674|health insurance
677|401k
677|401k matching
677|dental insurance
677|health insurance
677|paid parental leave
677|paid time off
677|parental leave
677|tuition reimbursement
677|vision insurance
678|401k
678|dental insurance
678|flexible spending account
678|happy hour
678|health insurance
678|paid parental leave
678|paid time off
678|parental leave
678|vision insurance
680|401k
680|dental insurance
680|health insurance
680|life insurance
680|paid time off
680|vision insurance
681|paid parental leave
681|paid sick time
681|paid time off
681|parental leave
681|vision insurance
683|401k
683|dental insurance
683|disability insurance
683|health insurance
683|life insurance
683|paid sick time
683|vision insurance
684|dental insurance
684|health insurance
684|paid time off
684|vision insurance
685|disability insurance
685|employee assistance program
685|health insurance
685|life insurance
685|retirement plan
685|vision insurance
686|401k
686|401k 6 match
686|401k matching
686|dental insurance
686|disability insurance
686|employee assistance program
686|health insurance
686|life insurance
686|paid time off
686|pet insurance
686|tuition reimbursement
686|vision insurance
688|401k
688|401k matching
688|dental insurance
688|health insurance
688|paid time off
688|profit sharing
688|referral program
688|vision insurance
688|wellness program
689|401k
689|dental insurance
689|health insurance
689|paid time off
691|401k
691|401k matching
691|dental insurance
691|health insurance
691|paid time off
691|tuition reimbursement
691|vision insurance
692|401k
692|dental insurance
692|disability insurance
692|flexible schedule
692|health insurance
692|paid time off
692|vision insurance
694|401k
694|dental insurance
694|employee assistance program
694|health insurance
694|life insurance
694|paid time off
694|vision insurance
695|health insurance
696|flexible schedule
701|401k
701|dental insurance
701|health insurance
701|paid time off
702|401k
702|dental insurance
702|health insurance
702|paid time off
702|vision insurance
705|401k
705|401k matching
705|dental insurance
705|flexible spending account
705|health insurance
705|health savings account
705|life insurance
705|paid time off
705|tuition reimbursement
705|vision insurance
706|401k
706|cell phone reimbursement
706|health insurance
708|401k
708|401k matching
708|dental insurance
708|employee assistance program
708|flexible spending account
708|health insurance
708|health savings account
708|life insurance
708|paid time off
708|parental leave
708|vision insurance
709|401k
709|employee stock purchase plan
709|health insurance
710|food provided
710|free parking
710|onsite gym
714|401k
714|401k matching
714|dental insurance
714|employee stock purchase plan
714|health insurance
714|paid time off
714|vision insurance
717|401k
717|dental insurance
717|health insurance
717|paid time off
719|flexible schedule
721|401k
721|dental insurance
721|health insurance
721|paid time off
721|vision insurance
722|stock options
724|401k
724|401k matching
724|dental insurance
724|disability insurance
724|flexible spending account
724|health insurance
724|life insurance
724|paid time off
724|vision insurance
725|dental insurance
725|disability insurance
725|food provided
725|health insurance
725|health savings account
725|life insurance
725|paid time off
725|retirement plan
725|unlimited paid time off
725|vision insurance
726|dental insurance
726|employee assistance program
726|employee discount
726|flexible spending account
726|health insurance
726|life insurance
726|tuition reimbursement
726|vision insurance
727|401k
727|dental insurance
727|health insurance
727|paid time off
728|401k
728|401k matching
728|dental insurance
728|flexible spending account
728|health insurance
728|health savings account
728|life insurance
728|paid time off
728|tuition reimbursement
728|vision insurance
730|401k
730|dental insurance
730|gym membership
730|health insurance
730|paid time off
730|tuition reimbursement
730|vision insurance
733|401k
733|dental insurance
733|health insurance
733|paid time off
734|401k
734|dental insurance
734|health insurance
734|paid time off
734|vision insurance
735|dental insurance
735|health insurance
735|paid time off
735|vision insurance
737|dental insurance
737|health insurance
740|401k
740|dental insurance
740|flexible schedule
740|health insurance
740|health savings account
740|life insurance
740|paid time off
740|professional development assistance
740|vision insurance
740|work from home
742|dental insurance
742|health insurance
742|vision insurance
744|401k
744|401k matching
744|dental insurance
744|flexible schedule
744|health insurance
744|life insurance
744|paid time off
744|vision insurance
745|health insurance
745|paid time off
745|retirement plan
745|stock options
745|vision insurance
746|401k
746|paid time off
746|vision insurance
746|work from home
747|401k
747|dental insurance
747|health insurance
747|paid time off
750|dental insurance
750|flexible schedule
750|health insurance
750|life insurance
750|tuition reimbursement
752|401k
752|dental insurance
752|health insurance
752|vision insurance
753|401k
753|401k 3 match
753|401k matching
753|employee discount
753|health insurance
753|paid time off
753|wellness program
754|401k
754|401k matching
754|dental insurance
754|disability insurance
754|health insurance
754|paid time off
754|vision insurance
757|loan repayment program
757|paid sick time
757|paid time off
759|401k
759|401k matching
759|dental insurance
759|health insurance
759|paid time off
759|retirement plan
759|vision insurance
761|401k
761|health insurance
761|life insurance
761|paid time off
762|401k
762|dental insurance
762|flexible schedule
762|health insurance
762|paid time off
762|vision insurance
764|401k
764|dental insurance
764|health insurance
764|paid time off
766|401k
766|401k matching
766|food provided
768|401k
768|401k matching
768|dental insurance
768|disability insurance
768|employee assistance program
768|flexible spending account
768|health insurance
768|health savings account
768|life insurance
768|referral program
768|tuition reimbursement
768|vision insurance
769|401k
769|401k matching
769|add insurance
769|continuing education credits
769|dental insurance
769|dependent health insurance coverage
769|disability insurance
769|family leave
769|flexible spending account
769|health insurance
769|health savings account
769|life insurance
769|paid holidays
769|paid time off
769|parental leave
769|professional development assistance
769|profit sharing
769|rsu
769|tuition reimbursement
769|vision insurance
769|work from home
772|health insurance
772|paid time off
774|commuter assistance
774|dental insurance
774|health insurance
774|life insurance
774|paid time off
774|retirement plan
775|401k
775|dental insurance
775|health insurance
775|life insurance
775|paid time off
775|retirement plan
775|vision insurance
777|401k
777|dental insurance
777|health insurance
777|paid time off
781|disability insurance
781|employee discount
781|flexible spending account
781|health insurance
781|retirement plan
785|commuter assistance
785|dental insurance
785|disability insurance
785|employee assistance program
785|flexible spending account
785|health insurance
785|life insurance
785|retirement plan
785|vision insurance
788|401k
788|401k matching
788|cell phone reimbursement
788|dental insurance
788|flexible spending account
788|food provided
788|happy hour
788|health insurance
788|paid time off
788|pet insurance
788|vision insurance
788|work from home
788|work from home stipend
789|401k
789|dental insurance
789|health insurance
789|paid time off
790|401k
790|401k matching
790|dental insurance
790|disability insurance
790|health insurance
790|life insurance
790|paid parental leave
790|paid time off
790|parental leave
790|unlimited paid time off
790|vision insurance
791|paid time off
793|401k
793|dental insurance
793|health insurance
793|vision insurance
796|work from home
797|health insurance
799|dental insurance
799|health insurance
800|401k
800|dental insurance
800|health insurance
800|paid time off
801|401k
801|dental insurance
801|health insurance
801|vision insurance
804|relocation assistance
806|401k
806|dental insurance
806|health insurance
806|paid time off
810|401k
810|401k matching
810|dental insurance
810|disability insurance
810|flexible spending account
810|health insurance
810|life insurance
810|paid sick time
810|paid time off
810|vision insurance
815|401k
815|401k matching
815|dental insurance
815|disability insurance
815|health insurance
815|life insurance
815|paid time off
815|vision insurance
820|disability insurance
820|health insurance
820|paid time off
820|retirement plan
821|401k
821|dental insurance
821|health insurance
821|paid time off
823|401k
823|401k matching
823|health insurance
823|paid time off
824|401k
824|dental insurance
824|disability insurance
824|flexible schedule
824|flexible spending account
824|gym membership
824|health insurance
824|health savings account
824|paid time off
824|parental leave
824|vision insurance
825|401k
825|401k matching
825|dental insurance
825|health insurance
825|paid holidays
825|paid sick time
825|paid time off
825|parental leave
825|retirement plan
825|tuition reimbursement
825|vision insurance
825|work from home
828|401k
828|401k matching
828|dental insurance
828|health insurance
828|paid time off
828|tuition reimbursement
828|vision insurance
832|401k
832|401k matching
832|dental insurance
832|health insurance
832|paid time off
832|vision insurance
834|401k
834|dental insurance
834|health insurance
834|vision insurance
836|401k
836|401k matching
836|dental insurance
836|employee assistance program
836|health insurance
836|paid time off
836|parental leave
836|professional development assistance
836|vision insurance
839|401k
839|dental insurance
839|health insurance
839|paid time off
843|401k
843|401k matching
843|dental insurance
843|life insurance
843|vision insurance
844|employee assistance program
844|flexible spending account
844|free parking
844|health insurance
844|wellness program
847|401k
847|adoption assistance
847|commuter assistance
847|dental insurance
847|health insurance
847|life insurance
847|paid jury duty
847|paid time off
847|store discount
847|vision insurance
848|401k
848|dental insurance
848|health insurance
848|life insurance
848|paid time off
848|retirement plan
848|vision insurance
852|401k
852|401k 3 match
852|401k matching
852|dental insurance
852|disability insurance
852|health insurance
852|paid time off
852|vision insurance
854|401k
854|dental insurance
854|health insurance
854|paid time off
857|401k
857|401k matching
857|dental insurance
857|health insurance
857|paid sick time
857|paid time off
857|vision insurance
858|401k
858|dental insurance
858|health insurance
858|life insurance
858|paid time off
858|vision insurance
859|green card sponsorship
859|visa sponsorship
861|403b
861|add insurance
861|dental insurance
861|disability insurance
861|employee assistance program
861|flexible schedule
861|flexible spending account
861|health insurance
861|health savings account
861|life insurance
861|paid sick time
861|paid time off
861|tuition reimbursement
861|vision insurance
867|health insurance
867|life insurance
867|professional development assistance
867|relocation assistance
867|vision insurance
868|401k
868|dental insurance
868|health insurance
868|paid time off
876|401k
876|401k 5 match
876|401k matching
876|dental insurance
876|disability insurance
876|health insurance
876|paid sick time
876|paid time off
876|vision insurance
877|health insurance
877|paid time off
878|401k
878|dental insurance
878|flexible spending account
878|health insurance
878|life insurance
878|paid time off
878|vision insurance
879|401k
879|dental insurance
879|health insurance
879|paid time off
880|employee discount
882|dental insurance
882|employee stock purchase plan
882|health insurance
882|rsu
882|retirement plan
883|health insurance
885|health insurance
888|401k
888|401k matching
888|employee assistance program
888|flexible spending account
888|health insurance
888|health savings account
888|life insurance
888|paid parental leave
888|paid time off
888|parental leave
888|profit sharing
888|tuition reimbursement
888|vision insurance
889|401k
890|401k
890|dental insurance
890|health insurance
890|paid time off
892|401k
892|401k matching
892|dental insurance
892|health insurance
892|life insurance
892|relocation assistance
892|vision insurance
896|401k
896|cell phone reimbursement
896|commuter assistance
896|dental insurance
896|disability insurance
896|health insurance
896|vision insurance
896|work from home
897|401k
897|dental insurance
897|disability insurance
897|food provided
897|health insurance
897|onsite gym
897|paid parental leave
897|paid time off
897|parental leave
897|profit sharing
897|vision insurance
898|401k
898|401k matching
898|health insurance
898|life insurance
898|paid time off
899|opportunities for advancement
900|401k
900|dental insurance
900|health insurance
900|paid time off
900|stock options
900|vision insurance
901|health insurance
902|401k
902|401k matching
902|dental insurance
902|flexible schedule
902|health insurance
902|health savings account
902|life insurance
902|paid time off
902|vision insurance
903|health insurance
903|life insurance
903|paid parental leave
903|paid time off
903|parental leave
904|401k
904|dental insurance
904|disability insurance
904|employee stock purchase plan
904|health insurance
904|life insurance
904|paid time off
904|vision insurance
904|wellness program
909|health insurance
909|parental leave
909|retirement plan
909|work from home
912|401k
912|dental insurance
912|flexible schedule
912|health insurance
912|paid time off
912|vision insurance
913|free parking
913|paid time off
915|dental insurance
915|health insurance
915|retirement plan
915|vision insurance
918|work from home
919|401k
919|disability insurance
919|health insurance
919|life insurance
921|401k
921|dental insurance
921|flexible schedule
921|health insurance
921|paid time off
921|tuition reimbursement
921|vision insurance
922|401k
922|401k matching
922|dental insurance
922|disability insurance
922|health insurance
922|life insurance
922|paid time off
922|vision insurance
924|401k
924|401k matching
924|dental insurance
924|health insurance
924|health savings account
924|life insurance
924|profit sharing
924|vision insurance
925|disability insurance
925|health insurance
925|relocation assistance
927|401k
927|401k matching
927|health insurance
927|paid time off
930|401k
930|401k matching
930|gym membership
930|health insurance
930|paid time off
930|parental leave
931|dental insurance
931|health insurance
931|vision insurance
934|401k
934|401k 4 match
934|401k matching
934|health insurance
936|401k
936|401k matching
936|dental insurance
936|food provided
936|health insurance
936|paid time off
936|vision insurance
937|dental insurance
937|health insurance
937|paid time off
937|vision insurance
941|401k
941|dental insurance
941|health insurance
941|paid time off
942|flexible schedule
944|401k
944|401k matching
944|adoption assistance
944|caregiver leave
944|dental insurance
944|disability insurance
944|employee assistance program
944|flexible spending account
944|gym membership
944|health insurance
944|health savings account
944|life insurance
944|paid parental leave
944|paid time off
944|vision insurance
947|401k
947|dental insurance
947|flexible schedule
947|health insurance
947|vision insurance
948|paid time off
951|loan forgiveness
956|401k
956|401k matching
956|dental insurance
956|flexible schedule
956|flexible spending account
956|health insurance
956|health savings account
956|life insurance
956|paid parental leave
956|paid time off
956|parental leave
956|professional development assistance
956|tuition reimbursement
956|vision insurance
957|401k
957|dental insurance
957|health insurance
957|paid time off
959|401k
959|401k matching
959|health insurance
959|paid parental leave
959|parental leave
961|tuition reimbursement
965|gym membership
965|health insurance
965|paid parental leave
965|parental leave
966|dental insurance
966|flexible spending account
966|health insurance
966|life insurance
966|paid time off
966|tuition reimbursement
966|vision insurance
968|dental insurance
968|employee assistance program
968|employee discount
968|health insurance
968|life insurance
968|paid time off
968|tuition reimbursement
968|vision insurance
971|401k
971|401k 6 match
971|401k matching
971|dental insurance
971|employee discount
971|health insurance
971|life insurance
971|paid time off
971|parental leave
971|tuition reimbursement
971|vision insurance
972|flexible schedule
972|paid parental leave
972|parental leave
972|work from home
973|401k
973|dental insurance
973|health insurance
973|paid time off
975|401k
975|401k 6 match
975|401k matching
975|dental insurance
975|employee discount
975|health insurance
975|life insurance
975|paid time off
975|parental leave
975|tuition reimbursement
975|vision insurance
977|flexible schedule
977|paid parental leave
977|parental leave
977|work from home
978|health insurance
982|401k
982|dental insurance
982|health insurance
982|paid time off
984|add insurance
984|dental insurance
984|flexible spending account
984|health insurance
984|life insurance
984|opportunities for advancement
984|paid parental leave
984|paid time off
984|parental leave
984|retirement plan
984|vision insurance
985|401k
985|dental insurance
985|health insurance
985|vision insurance
988|401k
988|401k matching
988|commuter assistance
988|dental insurance
988|disability insurance
988|health insurance
988|vision insurance
990|dental insurance
990|health insurance
990|paid time off
990|vision insurance
994|401k
994|dental insurance
994|health insurance
994|vision insurance
995|work from home
996|cell phone reimbursement
996|continuing education credits
996|parental leave
996|unlimited paid time off
